{"count":1,"self":232.82705919999998,"total":762.92622599999993,"children":{"InitializeActuators":{"count":12,"self":0.025547399999999998,"total":0.025547399999999998,"children":null},"InitializeSensors":{"count":12,"self":0.10112639999999999,"total":0.10112639999999999,"children":null},"AgentSendState":{"count":44767,"self":40.970492799999995,"total":52.857433099999994,"children":{"CollectObservations":{"count":107448,"self":0.9413226,"total":0.9413226,"children":null},"WriteActionMask":{"count":107448,"self":0.3531825,"total":0.3531825,"children":null},"RequestDecision":{"count":107448,"self":1.6399868,"total":10.5924342,"children":{"AgentInfo.ToProto":{"count":107448,"self":1.2415094,"total":8.9524473999999987,"children":{"GenerateSensorData":{"count":107448,"self":4.6488043999999995,"total":7.710938,"children":{"RayPerceptionSensor.Perceive":{"count":107448,"self":3.0621335999999997,"total":3.0621335,"children":null}}}}}}}}},"DecideAction":{"count":44767,"self":473.142272,"total":473.1422924,"children":null},"AgentAct":{"count":44767,"self":3.4871992,"total":3.4871990999999998,"children":null},"AgentInfo.ToProto":{"count":3892,"self":0.1220136,"total":0.4835831,"children":{"GenerateSensorData":{"count":3892,"self":0.22960499999999998,"total":0.3615695,"children":{"RayPerceptionSensor.Perceive":{"count":3892,"self":0.13196449999999998,"total":0.13196449999999998,"children":null}}}}}},"gauges":{"MazeKeySearch.CumulativeReward":{"count":3892,"max":-4.57457829,"min":-12.885931,"runningAverage":-7.283258,"value":-6.673036,"weightedAverage":-7.33603239}},"metadata":{"timer_format_version":"0.1.0","start_time_seconds":"1715712598","unity_version":"2022.3.21f1","command_line_arguments":"D:\\Unity\\2022.3.21f1\\Editor\\Unity.exe -projectpath D:\\Unity Projects\\Maze project -useHub -hubIPC -cloudEnvironment production -licensingIpc LicenseClient-csaba -hubSessionId eb6c1346-3330-4276-ae92-881331bf21c7 -accessToken _RL5o-7gw8eUQRgFfRRiqw6xMBSxZl78cvLFt95wuX8007f","communication_protocol_version":"1.5.0","com.unity.ml-agents_version":"2.0.1","scene_name":"Training","end_time_seconds":"1715713361"}}