{
    "name": "root",
    "gauges": {
        "MazeKeySearch.Policy.Entropy.mean": {
            "value": 1.3991637229919434,
            "min": 1.3991637229919434,
            "max": 1.418526530265808,
            "count": 11
        },
        "MazeKeySearch.Policy.Entropy.sum": {
            "value": 7014.0078125,
            "min": 6964.533203125,
            "max": 7238.74072265625,
            "count": 11
        },
        "MazeKeySearch.Environment.EpisodeLength.mean": {
            "value": 14.939490445859873,
            "min": 14.939490445859873,
            "max": 28.093023255813954,
            "count": 11
        },
        "MazeKeySearch.Environment.EpisodeLength.sum": {
            "value": 4691.0,
            "min": 4691.0,
            "max": 4832.0,
            "count": 11
        },
        "MazeKeySearch.Step.mean": {
            "value": 54991.0,
            "min": 4978.0,
            "max": 54991.0,
            "count": 11
        },
        "MazeKeySearch.Step.sum": {
            "value": 54991.0,
            "min": 4978.0,
            "max": 54991.0,
            "count": 11
        },
        "MazeKeySearch.Policy.ExtrinsicValueEstimate.mean": {
            "value": -89.5594253540039,
            "min": -142.38143920898438,
            "max": -17.705455780029297,
            "count": 11
        },
        "MazeKeySearch.Policy.ExtrinsicValueEstimate.sum": {
            "value": -28121.66015625,
            "min": -28618.66796875,
            "max": -3027.633056640625,
            "count": 11
        },
        "MazeKeySearch.Policy.CuriosityValueEstimate.mean": {
            "value": -1.168773889541626,
            "min": -1.168773889541626,
            "max": -0.14731110632419586,
            "count": 11
        },
        "MazeKeySearch.Policy.CuriosityValueEstimate.sum": {
            "value": -366.9949951171875,
            "min": -366.9949951171875,
            "max": -31.37726593017578,
            "count": 11
        },
        "MazeKeySearch.Environment.CumulativeReward.mean": {
            "value": -156.36305732484075,
            "min": -287.65497076023394,
            "max": -156.36305732484075,
            "count": 11
        },
        "MazeKeySearch.Environment.CumulativeReward.sum": {
            "value": -49098.0,
            "min": -49561.0,
            "max": -49032.0,
            "count": 11
        },
        "MazeKeySearch.Policy.ExtrinsicReward.mean": {
            "value": -156.36305732484075,
            "min": -287.65497076023394,
            "max": -156.36305732484075,
            "count": 11
        },
        "MazeKeySearch.Policy.ExtrinsicReward.sum": {
            "value": -49098.0,
            "min": -49561.0,
            "max": -49032.0,
            "count": 11
        },
        "MazeKeySearch.Policy.CuriosityReward.mean": {
            "value": 0.002759295065997014,
            "min": 0.0026431169492759175,
            "max": 0.10046679459893229,
            "count": 11
        },
        "MazeKeySearch.Policy.CuriosityReward.sum": {
            "value": 0.8664186507230625,
            "min": 0.7559314474929124,
            "max": 17.682155849412084,
            "count": 11
        },
        "MazeKeySearch.Losses.PolicyLoss.mean": {
            "value": 0.03381362120853737,
            "min": 0.028832733863964677,
            "max": 0.035756541561568156,
            "count": 11
        },
        "MazeKeySearch.Losses.PolicyLoss.sum": {
            "value": 0.03381362120853737,
            "min": 0.028832733863964677,
            "max": 0.06932283738206024,
            "count": 11
        },
        "MazeKeySearch.Losses.ValueLoss.mean": {
            "value": 128.24913716316223,
            "min": 113.37080389261246,
            "max": 2433.075764656067,
            "count": 11
        },
        "MazeKeySearch.Losses.ValueLoss.sum": {
            "value": 128.24913716316223,
            "min": 117.16592800617218,
            "max": 2433.075764656067,
            "count": 11
        },
        "MazeKeySearch.Policy.LearningRate.mean": {
            "value": 9.465660534340001e-05,
            "min": 9.465660534340001e-05,
            "max": 9.958830041170001e-05,
            "count": 11
        },
        "MazeKeySearch.Policy.LearningRate.sum": {
            "value": 9.465660534340001e-05,
            "min": 9.465660534340001e-05,
            "max": 0.0001954762045238,
            "count": 11
        },
        "MazeKeySearch.Policy.Epsilon.mean": {
            "value": 0.19465660000000004,
            "min": 0.19465660000000004,
            "max": 0.19958830000000002,
            "count": 11
        },
        "MazeKeySearch.Policy.Epsilon.sum": {
            "value": 0.19465660000000004,
            "min": 0.19465660000000004,
            "max": 0.39547620000000006,
            "count": 11
        },
        "MazeKeySearch.Policy.Beta.mean": {
            "value": 0.00473336434,
            "min": 0.00473336434,
            "max": 0.00497945617,
            "count": 11
        },
        "MazeKeySearch.Policy.Beta.sum": {
            "value": 0.00473336434,
            "min": 0.00473336434,
            "max": 0.00977426238,
            "count": 11
        },
        "MazeKeySearch.Losses.CuriosityForwardLoss.mean": {
            "value": 0.009718773304484785,
            "min": 0.009718773304484785,
            "max": 4.857611240120605,
            "count": 11
        },
        "MazeKeySearch.Losses.CuriosityForwardLoss.sum": {
            "value": 0.009718773304484785,
            "min": 0.009718773304484785,
            "max": 4.857611240120605,
            "count": 11
        },
        "MazeKeySearch.Losses.CuriosityInverseLoss.mean": {
            "value": 1.9055475443601608,
            "min": 1.9055475443601608,
            "max": 2.047623550519347,
            "count": 11
        },
        "MazeKeySearch.Losses.CuriosityInverseLoss.sum": {
            "value": 1.9055475443601608,
            "min": 1.9055475443601608,
            "max": 3.9527939427644014,
            "count": 11
        },
        "MazeKeySearch.IsTraining.mean": {
            "value": 1.0,
            "min": 1.0,
            "max": 1.0,
            "count": 11
        },
        "MazeKeySearch.IsTraining.sum": {
            "value": 1.0,
            "min": 1.0,
            "max": 1.0,
            "count": 11
        }
    },
    "metadata": {
        "timer_format_version": "0.1.0",
        "start_time_seconds": "1715605010",
        "python_version": "3.9.11 (tags/v3.9.11:2de452f, Mar 16 2022, 14:33:45) [MSC v.1929 64 bit (AMD64)]",
        "command_line_arguments": "C:\\Users\\csaba\\AppData\\Local\\Programs\\Python\\Python39\\Scripts\\mlagents-learn .\\training_parameters_01.yaml --run-id=Maze01",
        "mlagents_version": "0.30.0",
        "mlagents_envs_version": "0.30.0",
        "communication_protocol_version": "1.5.0",
        "pytorch_version": "1.7.1+cu110",
        "numpy_version": "1.21.2",
        "end_time_seconds": "1715605427"
    },
    "total": 416.7475878,
    "count": 1,
    "self": 0.007298900000023423,
    "children": {
        "run_training.setup": {
            "total": 0.3189014000000001,
            "count": 1,
            "self": 0.3189014000000001
        },
        "TrainerController.start_learning": {
            "total": 416.4213875,
            "count": 1,
            "self": 0.1901173999978596,
            "children": {
                "TrainerController._reset_env": {
                    "total": 13.9734355,
                    "count": 1,
                    "self": 13.9734355
                },
                "TrainerController.advance": {
                    "total": 401.2893603000021,
                    "count": 8481,
                    "self": 0.18026300000224182,
                    "children": {
                        "env_step": {
                            "total": 326.2724087000018,
                            "count": 8481,